/*
SQLyog Community v13.1.6 (64 bit)
MySQL - 5.7.15 : Database - yakedb
*********************************************************************
*/

/*!40101 SET NAMES utf8 */;

/*!40101 SET SQL_MODE=''*/;

/*!40014 SET @OLD_UNIQUE_CHECKS=@@UNIQUE_CHECKS, UNIQUE_CHECKS=0 */;
/*!40014 SET @OLD_FOREIGN_KEY_CHECKS=@@FOREIGN_KEY_CHECKS, FOREIGN_KEY_CHECKS=0 */;
/*!40101 SET @OLD_SQL_MODE=@@SQL_MODE, SQL_MODE='NO_AUTO_VALUE_ON_ZERO' */;
/*!40111 SET @OLD_SQL_NOTES=@@SQL_NOTES, SQL_NOTES=0 */;
CREATE DATABASE /*!32312 IF NOT EXISTS*/`yakedb` /*!40100 DEFAULT CHARACTER SET utf8mb4 */;

USE `yakedb`;

/*Table structure for table `carrage` */

DROP TABLE IF EXISTS `carrage`;

CREATE TABLE `carrage` (
  `carrage_id` bigint(20) NOT NULL AUTO_INCREMENT,
  `train_id` varchar(20) NOT NULL,
  `carrage_type_id` int(20) NOT NULL,
  `carrage_no` int(11) DEFAULT NULL,
  PRIMARY KEY (`carrage_id`)
) ENGINE=InnoDB AUTO_INCREMENT=329 DEFAULT CHARSET=utf8mb4;

/*Data for the table `carrage` */

insert  into `carrage`(`carrage_id`,`train_id`,`carrage_type_id`,`carrage_no`) values 
(43,'D6953',3,3),
(44,'D6953',1,1),
(45,'D6953',5,5),
(46,'D6953',4,4),
(47,'D6953',6,5),
(48,'D6953',2,2),
(49,'K9985',6,3),
(50,'K9985',4,3),
(51,'K9985',3,3),
(52,'K9985',1,2),
(53,'K9985',2,2),
(54,'K9985',5,3),
(55,'D123',1,2),
(56,'D123',2,3),
(57,'D123',3,2),
(58,'D123',6,3),
(59,'D123',4,3),
(60,'D123',5,3),
(61,'G6696',1,1),
(62,'G6696',2,1),
(63,'G6696',3,2),
(64,'G6696',4,2),
(65,'G6696',5,3),
(66,'G6696',6,3),
(67,'G6696',7,3),
(68,'G6696',8,6),
(69,'D659',1,1),
(70,'D659',2,1),
(71,'D659',3,3),
(72,'D659',4,3),
(73,'D659',5,6),
(74,'D659',6,6),
(75,'D659',7,6),
(76,'D659',8,6),
(77,'D659',1,1),
(78,'D659',2,1),
(79,'D659',3,3),
(80,'D659',4,3),
(81,'D659',6,6),
(82,'D659',5,6),
(83,'D659',7,6),
(84,'D659',8,6),
(85,'G1124',1,1),
(86,'G1124',3,3),
(87,'G1124',2,3),
(88,'G1124',4,3),
(89,'G1124',5,3),
(90,'G1124',6,6),
(91,'G1124',7,6),
(92,'G1124',8,6),
(93,'L2346',2,6),
(94,'L2346',1,6),
(95,'L2346',3,6),
(96,'L2346',4,6),
(97,'L2346',5,6),
(98,'L2346',6,6),
(99,'L2346',7,6),
(100,'L2346',8,6),
(101,'Z5652',1,6),
(102,'Z5652',2,6),
(103,'Z5652',4,6),
(104,'Z5652',3,6),
(105,'Z5652',6,6),
(106,'Z5652',5,6),
(107,'Z5652',7,6),
(108,'Z5652',8,6),
(109,'Z5652',10,6),
(110,'Z5652',9,6),
(111,'T5632',1,4),
(112,'T5632',2,4),
(113,'T5632',3,6),
(114,'T5632',4,6),
(115,'T5632',5,6),
(116,'T5632',6,7),
(117,'T5632',7,7),
(118,'T5632',8,7),
(119,'D4515',1,2),
(120,'D4515',2,2),
(121,'D4515',4,3),
(122,'D4515',5,3),
(123,'D4515',3,2),
(124,'D4515',6,3),
(125,'D4515',7,3),
(126,'D4515',8,3),
(127,'G6658',1,1),
(128,'G6658',2,1),
(129,'G6658',3,2),
(130,'G6658',4,2),
(131,'G6658',5,2),
(132,'G6658',6,3),
(133,'G6658',7,3),
(134,'G6658',8,3),
(135,'G6659',1,2),
(136,'G6659',2,2),
(137,'G6659',3,2),
(138,'G6659',4,2),
(139,'G6659',6,3),
(140,'G6659',5,3),
(141,'G6659',7,3),
(142,'G6659',8,3),
(143,'G6659',9,3),
(144,'G6659',10,3),
(145,'G6660',1,3),
(146,'G6660',2,3),
(147,'G6660',3,3),
(148,'G6660',4,3),
(149,'G6660',5,3),
(150,'G6660',6,3),
(151,'G6660',7,3),
(152,'G6660',9,3),
(153,'G6660',10,3),
(154,'G6660',8,3),
(155,'G9963',1,2),
(156,'G9963',2,2),
(157,'G9963',3,3),
(158,'G9963',5,6),
(159,'G9963',6,6),
(160,'G9963',4,3),
(161,'G9963',7,6),
(162,'G9963',8,6),
(163,'G9963',10,6),
(164,'G9963',9,6),
(165,'G6952',1,1),
(166,'G6952',3,1),
(167,'G6952',2,1),
(168,'G6952',4,1),
(169,'G6952',5,2),
(170,'G6952',6,2),
(171,'G6952',7,2),
(172,'G6952',8,2),
(173,'G6952',9,3),
(174,'G6952',12,3),
(175,'G6952',11,3),
(176,'G6952',10,3),
(177,'G6952',13,6),
(178,'G6952',15,6),
(179,'G6952',14,6),
(180,'G6952',16,6),
(181,'G6952',1,1),
(182,'G6952',2,1),
(183,'G6952',4,1),
(184,'G6952',3,1),
(185,'G6952',5,2),
(186,'G6952',6,2),
(187,'G6952',7,2),
(188,'G6952',9,3),
(189,'G6952',8,2),
(190,'G6952',12,3),
(191,'G6952',10,3),
(192,'G6952',11,3),
(193,'G6952',13,6),
(194,'G6952',14,6),
(195,'G6952',15,6),
(196,'G6952',16,6),
(197,'G9568',1,2),
(198,'G9568',2,2),
(199,'G9568',3,2),
(200,'G9568',4,2),
(201,'G9568',5,2),
(202,'G9568',6,6),
(203,'G9568',7,6),
(204,'G9568',8,6),
(205,'G9568',9,6),
(206,'G9568',10,6),
(207,'G1111',3,4),
(208,'G1111',5,6),
(209,'G1111',1,2),
(210,'G1111',2,3),
(211,'G1111',4,6),
(212,'G1111',1,2),
(213,'G1111',2,3),
(214,'G1111',3,4),
(215,'G1111',4,6),
(216,'G1111',5,6),
(217,'G5555',1,1),
(218,'G5555',2,3),
(219,'G5555',3,3),
(220,'G5555',4,3),
(221,'G5555',5,6),
(222,'D556',1,2),
(223,'D556',3,3),
(224,'D556',5,3),
(225,'D556',6,3),
(226,'D556',2,3),
(227,'D556',4,3),
(228,'D557',1,2),
(229,'D557',2,6),
(230,'D557',3,6),
(231,'D557',4,6),
(232,'D557',5,7),
(233,'D557',6,7),
(234,'D558',1,2),
(235,'D558',2,2),
(236,'D558',3,3),
(237,'D558',4,3),
(238,'D558',5,6),
(239,'D558',6,6),
(240,'K5577',1,2),
(241,'K5577',3,4),
(242,'K5577',2,2),
(243,'K5577',4,5),
(244,'K5577',5,5),
(245,'K5577',6,6),
(246,'K5577',7,6),
(247,'K5577',9,6),
(248,'K5577',8,6),
(249,'K5577',10,7),
(250,'K5577',2,2),
(251,'K5577',1,2),
(252,'K5577',3,4),
(253,'K5577',4,5),
(254,'K5577',5,5),
(255,'K5577',6,6),
(256,'K5577',7,6),
(257,'K5577',8,6),
(258,'K5577',9,6),
(259,'K5577',10,7),
(260,'T5579',1,2),
(261,'T5579',2,4),
(262,'T5579',3,4),
(263,'T5579',5,5),
(264,'T5579',4,5),
(265,'T5579',6,5),
(266,'T5579',7,6),
(267,'T5579',8,6),
(268,'T5579',9,6),
(269,'T5579',10,6),
(270,'Z5578',1,6),
(271,'Z5578',2,6),
(272,'Z5578',4,7),
(273,'Z5578',3,6),
(274,'Z5578',5,7),
(275,'Z5578',6,7),
(276,'G9962',1,1),
(277,'G9962',2,1),
(278,'G9962',3,2),
(279,'G9962',4,2),
(280,'G9962',5,3),
(281,'G9962',6,3),
(282,'G9962',7,3),
(283,'G9962',8,6),
(284,'G9964',1,2),
(285,'G9964',2,2),
(286,'G9964',3,2),
(287,'G9964',4,2),
(288,'G9964',6,3),
(289,'G9964',5,3),
(290,'G9964',7,3),
(291,'G9964',8,3),
(292,'G12307',1,1),
(293,'G12307',2,2),
(294,'G12307',3,3),
(295,'G12307',4,5),
(296,'G12307',5,6),
(297,'G103',1,1),
(298,'G103',6,6),
(299,'G103',4,3),
(300,'G103',2,2),
(301,'G103',5,6),
(302,'G103',3,3),
(303,'G103',7,6),
(304,'G103',8,7),
(305,'G1',1,1),
(306,'G1',2,1),
(307,'G1',3,2),
(308,'G1',4,2),
(309,'G1',5,3),
(310,'G1',6,3),
(311,'G1',7,3),
(312,'G1',8,3),
(313,'G1',1,1),
(314,'G1',2,1),
(315,'G1',3,2),
(316,'G1',5,3),
(317,'G1',6,3),
(318,'G1',4,2),
(319,'G1',7,3),
(320,'G1',8,3),
(321,'G105',1,2),
(322,'G105',2,2),
(323,'G105',4,2),
(324,'G105',5,3),
(325,'G105',3,2),
(326,'G105',6,3),
(327,'G105',7,3),
(328,'G105',8,3);

/*Table structure for table `carrage_ticket` */

DROP TABLE IF EXISTS `carrage_ticket`;

CREATE TABLE `carrage_ticket` (
  `ticket_id` int(11) NOT NULL AUTO_INCREMENT,
  `carrage_id` bigint(20) NOT NULL,
  `order_time` varchar(30) NOT NULL,
  `seat_num` int(11) NOT NULL DEFAULT '1',
  `train_id` int(11) DEFAULT NULL,
  PRIMARY KEY (`ticket_id`)
) ENGINE=InnoDB AUTO_INCREMENT=1111111131 DEFAULT CHARSET=utf8mb4;

/*Data for the table `carrage_ticket` */

insert  into `carrage_ticket`(`ticket_id`,`carrage_id`,`order_time`,`seat_num`,`train_id`) values 
(1111111124,221,'2021-07-04 10:12:15',1,21),
(1111111126,300,'2021-07-06 09:19:18',1,38),
(1111111127,93,'2021-07-06 09:19:56',1,20),
(1111111128,299,'2021-07-06 09:20:22',1,43),
(1111111129,197,'2021-07-06 10:56:22',1,9),
(1111111130,261,'2021-07-06 11:07:29',1,15);

/*Table structure for table `citys` */

DROP TABLE IF EXISTS `citys`;

CREATE TABLE `citys` (
  `id` int(11) NOT NULL AUTO_INCREMENT,
  `province` varchar(50) DEFAULT NULL,
  `city` varchar(50) DEFAULT NULL,
  PRIMARY KEY (`id`)
) ENGINE=InnoDB AUTO_INCREMENT=213 DEFAULT CHARSET=utf8mb4;

/*Data for the table `citys` */

insert  into `citys`(`id`,`province`,`city`) values 
(1,'江西省','吉安市'),
(2,'江西省','南昌市'),
(6,'江西省','九江市'),
(7,'江西省','共青城市'),
(8,'江西省','抚州市'),
(9,'湖南省','长沙市'),
(10,'江西省','赣州市'),
(11,'江西省','萍乡市'),
(12,'江西省','瑞金市'),
(13,'江西省','井冈山市'),
(14,'江西省','鹰潭市'),
(15,'江西省','上饶市'),
(16,'江西省','景德镇市'),
(17,'湖南省','株洲市'),
(18,'湖南省','浏阳市'),
(19,'湖南省','张家界市'),
(20,'湖南省','湘潭市'),
(21,'湖南省','衡阳市'),
(22,'湖南省','永州市'),
(23,'湖南省','彬州市'),
(24,'湖南省','岳阳市'),
(25,'湖南省','怀化市'),
(26,'湖南省','常德市'),
(27,'湖南省','邵阳市'),
(28,'湖南省','益阳市'),
(29,'湖南省','娄底市'),
(30,'湖南省','宁乡市'),
(31,'湖南省','湘乡市'),
(32,'安徽省','合肥市'),
(33,'安徽省','芜湖市'),
(34,'安徽省','淮南市'),
(35,'安徽省','马鞍山市'),
(36,'安徽省','淮北市'),
(37,'安徽省','铜陵市'),
(38,'安徽省','安庆市'),
(39,'安徽省','黄山市'),
(40,'安徽省','滁州市'),
(41,'安徽省','阜阳市'),
(42,'安徽省','宿州市'),
(43,'福建省','福州市'),
(44,'福建省','厦门市'),
(45,'福建省','莆田市'),
(46,'福建省','三明市'),
(47,'福建省','泉州市'),
(48,'福建省','漳州市'),
(49,'福建省','南平市'),
(50,'福建省','龙岩市'),
(51,'福建省','宁德市'),
(52,'福建省','福清市'),
(53,'福建省','永安市'),
(54,'福建省','石狮市'),
(55,'福建省','晋江市'),
(56,'福建省','昭武市'),
(57,'福建省','南安市'),
(58,'福建省','武夷山市'),
(59,'福建省','建瓯市'),
(60,'福建省','漳平市'),
(61,'福建省','福安市'),
(62,'福建省','福鼎市'),
(63,'广东省','广州市'),
(64,'广东省','韶关市'),
(65,'广东省','深圳市'),
(66,'广东省','珠海市'),
(67,'广东省','汕头市'),
(68,'广东省','佛山市'),
(69,'广东省','江门市'),
(70,'广东省','湛江市'),
(71,'广东省','茂名市'),
(72,'广东省','肇庆市'),
(73,'广东省','惠州市'),
(74,'广东省','梅州市'),
(75,'广东省','中山市'),
(76,'广东省','清远市'),
(77,'广东省','东莞市'),
(78,'广西壮族自治区','南宁市'),
(79,'广西壮族自治区','柳州市'),
(80,'广西壮族自治区','桂林市'),
(81,'广西壮族自治区','梧州市'),
(82,'广西壮族自治区','北海市'),
(83,'广西壮族自治区','钦州市'),
(84,'广西壮族自治区','百色市'),
(85,'广西壮族自治区','玉林市'),
(86,'云南省','昆明市'),
(87,'云南省','曲靖市'),
(88,'云南省','玉溪市'),
(89,'云南省','保山市'),
(90,'云南省','邵通市'),
(91,'云南省','丽江市'),
(92,'云南省','普洱市'),
(93,'四川省','成都市'),
(94,'四川省','自贡市'),
(95,'四川省','攀枝花市'),
(96,'四川省','德阳市'),
(97,'四川省','绵州市'),
(98,'四川省','广元市'),
(99,'四川省','内江市'),
(100,'四川省','乐山市'),
(101,'四川省','南充市'),
(102,'四川省','眉山市'),
(103,'四川省','宜宾市'),
(104,'四川省','广汉市'),
(105,'四川省','都江堰市'),
(106,'四川省','绵竹市'),
(107,'四川省','阆中市'),
(108,'四川省','西昌市'),
(109,'江苏省','南京市'),
(110,'江苏省','无锡市'),
(111,'江苏省','徐州市'),
(112,'江苏省','常州市'),
(113,'江苏省','苏州市'),
(114,'江苏省','南通市'),
(115,'江苏省','连云港市'),
(116,'江苏省','扬州市'),
(117,'江苏省','淮安市'),
(118,'江苏省','宿迁市'),
(119,'江苏省','常熟市'),
(120,'浙江省','杭州市'),
(121,'浙江省','宁波市'),
(122,'浙江省','温州市'),
(123,'浙江省','嘉兴市'),
(124,'浙江省','绍兴市'),
(125,'浙江市','金华市'),
(126,'浙江时','舟山市'),
(127,'浙江省','台州市'),
(128,'浙江省','丽水市'),
(129,'湖北省','武汉市'),
(130,'湖北省','黄石市'),
(131,'湖北省','十堰市'),
(132,'湖北省','宜昌市'),
(133,'湖北省','襄阳市'),
(134,'湖北省','荆门市'),
(135,'湖北省','黄冈市'),
(136,'河南省','郑州市'),
(137,'河南省','开封市'),
(138,'河南省','洛阳市'),
(139,'河南省','焦作市'),
(140,'河南省','平顶山市'),
(141,'内蒙古自治区','呼和浩特市'),
(142,'内蒙古自治区','包头市'),
(143,'内蒙古自治区','赤峰市'),
(144,'内蒙古自治区','呼伦贝尔市'),
(145,'内蒙古自治区','通辽市'),
(146,'河北省','石家庄市'),
(147,'河北省','唐山市'),
(148,'河北省','秦皇岛市'),
(149,'河北省','邯郸市'),
(150,'河北省','张家口市'),
(151,'河北省','衡水市'),
(152,'河北省','沧州市'),
(153,'河北省','承德市'),
(154,'河北省','定州市'),
(155,'山东省','济南市'),
(156,'山东省','青岛市'),
(157,'山东省','淄博市'),
(158,'山东省','枣庄市'),
(159,'山东省','东营市'),
(160,'山东省','烟台市'),
(161,'山东省','潍坊市'),
(162,'山东省','济宁市'),
(163,'山东省','日照市'),
(164,'山东省','威海市'),
(165,'山东省','德州市'),
(166,'山东省','曲阜市'),
(167,'山西省','太原市'),
(168,'山西省','大同市'),
(169,'山西省','阳泉市'),
(170,'山西省','临汾市'),
(171,'辽宁省','沈阳市'),
(172,'辽宁省','大连市'),
(173,'辽宁省','鞍山市'),
(174,'辽宁省','抚顺市'),
(175,'辽宁省','营口市'),
(176,'黑龙江省','哈尔滨市'),
(177,'黑龙江省','齐齐哈尔市'),
(178,'黑龙江省','鸡西市'),
(179,'黑龙江省','黑河市'),
(180,'黑龙江省','牡丹江市'),
(181,'黑龙江省','绥化市'),
(182,'黑龙江省','漠河市'),
(183,'吉林省','长春市'),
(184,'吉林省','吉林市'),
(185,'吉林省','通化市'),
(186,'吉林省','公主岭市'),
(187,'吉林省','大庆市'),
(188,'贵州省','贵阳市'),
(189,'贵州省','六盘水市'),
(190,'贵州省','遵义市'),
(191,'贵州省','安顺市'),
(192,'贵州省','铜仁市'),
(193,'贵州省','赤水市'),
(194,'新疆维吾尔族自治区','乌鲁木齐市'),
(195,'新疆维吾尔族自治区','阿克苏区'),
(196,'新疆维吾尔族自治区','哈密区'),
(197,'新疆维吾尔族自治区','和田区'),
(198,'新疆维吾尔族自治区','吐鲁番区'),
(199,'西藏自治区','拉萨市'),
(200,'北京市','北京市'),
(201,'天津市','天津市'),
(202,'上海市','上海市'),
(203,'重庆市','重庆市'),
(204,'香港特别行政区','香港特别行政区'),
(205,'澳门特别行政区','澳门特别行政区'),
(206,'台湾省','台北市'),
(207,'台湾省','台南市'),
(208,'台湾省','台中市'),
(209,'台湾省','高雄市'),
(210,'台湾省','花莲市'),
(211,'台湾省','新竹市'),
(212,'福建省','平潭县');

/*Table structure for table `client_discount` */

DROP TABLE IF EXISTS `client_discount`;

CREATE TABLE `client_discount` (
  `client_type` enum('退伍军人','VIP','学生','儿童','优待对象','成人') DEFAULT NULL,
  `discount_rate` float DEFAULT NULL,
  `seat_type` enum('特等座','商务座','一等座','二等座','软卧','硬卧','硬座','站票') DEFAULT NULL,
  `discount_id` bigint(20) NOT NULL,
  PRIMARY KEY (`discount_id`)
) ENGINE=InnoDB DEFAULT CHARSET=utf8mb4 COMMENT='对具体的用户类型和座位类型进行打折';

/*Data for the table `client_discount` */

insert  into `client_discount`(`client_type`,`discount_rate`,`seat_type`,`discount_id`) values 
('退伍军人',0.5,'一等座',1),
('退伍军人',0.5,'二等座',2),
('退伍军人',0.5,'商务座',3),
('退伍军人',0.5,'软卧',4),
('退伍军人',0.5,'硬卧',5),
('退伍军人',0.5,'硬座',6),
('退伍军人',0.25,'站票',7),
('VIP',0.85,'特等座',8),
('退伍军人',0.5,'特等座',9),
('VIP',0.8,'一等座',10),
('VIP',0.8,'二等座',11),
('VIP',0.8,'商务座',12),
('VIP',0.75,'软卧',13),
('VIP',0.75,'硬卧',14),
('VIP',0.75,'硬座',15),
('VIP',0.45,'站票',16),
('学生',0.65,'特等座',17),
('学生',0.65,'商务座',18),
('学生',0.6,'一等座',19),
('学生',0.6,'二等座',20),
('学生',0.6,'软卧',21),
('学生',0.5,'硬卧',22),
('学生',0.5,'硬座',23),
('学生',0.4,'站票',24),
('优待对象',0.9,'特等座',25),
('优待对象',0.9,'商务座',26),
('优待对象',0.9,'一等座',27),
('优待对象',0.9,'二等座',28),
('优待对象',0.9,'软卧',29),
('优待对象',0.9,'硬卧',30),
('优待对象',0.85,'硬座',31),
('优待对象',0.65,'站票',32),
('儿童',0.8,'特等座',33),
('儿童',0.8,'商务座',34),
('儿童',0.8,'一等座',35),
('儿童',0.8,'二等座',36),
('儿童',0.8,'软卧',37),
('儿童',0.8,'硬卧',38),
('儿童',0.5,'硬座',39),
('儿童',0.2,'站票',40),
('成人',1,'特等座',41),
('成人',1,'商务座',42),
('成人',1,'一等座',43),
('成人',1,'二等座',44),
('成人',1,'软卧',45),
('成人',1,'硬卧',46),
('成人',1,'硬座',47),
('成人',0.5,'站票',48);

/*Table structure for table `client_login` */

DROP TABLE IF EXISTS `client_login`;

CREATE TABLE `client_login` (
  `client_id` bigint(20) NOT NULL,
  `password` varchar(30) DEFAULT NULL,
  `indentity` enum('管理员','客户') DEFAULT '客户',
  PRIMARY KEY (`client_id`)
) ENGINE=InnoDB DEFAULT CHARSET=utf8mb4;

/*Data for the table `client_login` */

insert  into `client_login`(`client_id`,`password`,`indentity`) values 
(188207201,'123456','客户'),
(188207243,'123456','客户'),
(188207244,'123456','客户'),
(188207245,'123456','管理员'),
(9999999999,'123456','管理员');

/*Table structure for table `client_ticket` */

DROP TABLE IF EXISTS `client_ticket`;

CREATE TABLE `client_ticket` (
  `ticket_id` bigint(20) NOT NULL AUTO_INCREMENT,
  `tickets_id` bigint(20) NOT NULL,
  `client_id` varchar(20) CHARACTER SET utf8 NOT NULL,
  `start_point` varchar(20) DEFAULT NULL,
  `start_time` varchar(50) DEFAULT NULL,
  `end_time` varchar(50) DEFAULT NULL,
  `end_point` varchar(20) DEFAULT NULL,
  `price` float DEFAULT NULL,
  `ticket_state` enum('正常','退票','改签','到期') CHARACTER SET utf8 DEFAULT NULL,
  PRIMARY KEY (`ticket_id`)
) ENGINE=InnoDB AUTO_INCREMENT=11111111137 DEFAULT CHARSET=utf8mb4;

/*Data for the table `client_ticket` */

insert  into `client_ticket`(`ticket_id`,`tickets_id`,`client_id`,`start_point`,`start_time`,`end_time`,`end_point`,`price`,`ticket_state`) values 
(11111111123,1111111118,'188207245','吉安西','2021-07-07 20:23','2021-07-07 22:25','共青城东站',240,'退票'),
(11111111124,1111111119,'188207245','吉安西','2021-07-07 20:23','2021-07-07 22:25','共青城东站',240,'退票'),
(11111111125,1111111120,'188207245','吉安西','2021-07-07 20:23','2021-07-07 22:25','共青城东站',240,'退票'),
(11111111126,1111111121,'188207245','吉安西','2021-07-07 20:23','2021-07-07 22:25','共青城东站',240,'退票'),
(11111111127,1111111122,'188207245','北京东站','2021-07-07 01:43','2021-07-07 06:47','九江站',2400,'退票'),
(11111111128,1111111123,'188207245','共青城站','2021-07-07 09:39','2021-07-07 10:40','吉安西',200,'退票'),
(11111111129,1111111124,'188207245','吉安西','2021-07-06 10:39','2021-07-06 20:50','北京西站',732,'正常'),
(11111111130,1111111125,'188207245','吉安西','2021-07-07 16:52','2021-07-07 17:53','永新北',175,'退票'),
(11111111131,1111111125,'188207245','北京西站','2021-07-07 05:25','2021-07-07 16:03','上海东站',780,'正常'),
(11111111132,1111111126,'188207201','北京西站','2021-07-07 05:25','2021-07-07 16:03','上海东站',600,'正常'),
(11111111133,1111111127,'188207201','吉安西','2021-07-06 09:36','2021-07-06 15:42','九江站',194,'正常'),
(11111111134,1111111128,'188207201','吉安西','2021-07-08 11:15','2021-07-08 17:55','上海虹桥站',544.5,'正常'),
(11111111135,1111111129,'188207245','北京东站','2021-07-07 08:00','2021-07-07 12:07','南昌西',330,'正常'),
(11111111136,1111111130,'188207245','吉安西','2021-07-07 02:42','2021-07-07 07:47','南昌西',126,'正常');

/*Table structure for table `railwaystation` */

DROP TABLE IF EXISTS `railwaystation`;

CREATE TABLE `railwaystation` (
  `station_id` varchar(20) NOT NULL,
  `station_name` varchar(30) NOT NULL,
  `localtion` varchar(255) NOT NULL,
  PRIMARY KEY (`station_id`)
) ENGINE=InnoDB DEFAULT CHARSET=utf8mb4;

/*Data for the table `railwaystation` */

insert  into `railwaystation`(`station_id`,`station_name`,`localtion`) values 
('bjdx','北京东站','北京市北京市'),
('bjxz','北京西站','北京市北京市'),
('cddz','成都东站','四川省成都市'),
('cqxz','重庆西站','重庆市重庆市'),
('csb','长沙北站','湖南省长沙市'),
('csd','长沙东站','湖南省长沙市'),
('csx','长沙西站','湖南省长沙市'),
('csz','长沙站','湖南省长沙市'),
('dgdz','东莞东站','广东省东莞市'),
('fzd','福州东站','福建省福州市'),
('fzxz','抚州西站','江西省抚州市'),
('fzz','福州站','福建省福州市'),
('glx','桂林西','广西壮族自治区桂林市'),
('gqcdz','共青城东站','江西省共青城市'),
('gqcz','共青城站','江西省共青城市'),
('gxz','高雄站','台湾省高雄市'),
('hfd','合肥东','安徽省合肥市'),
('hfx','合肥西','安徽省合肥市'),
('hfz','合肥站','安徽省合肥市'),
('hhz','黑河站','黑龙江省黑河市'),
('hlz','花莲站','台湾省花莲市'),
('hzz','杭州站','浙江省杭州市'),
('jadz','吉安东站','江西省吉安市吉州区'),
('jax','吉安西','江西省吉安市'),
('jgsz','井冈山站','江西省井冈山市'),
('jjz','九江站','江西省九江市'),
('kfz','开封站','河南省洛阳市'),
('kmz','昆明站','云南省昆明市'),
('lsz','庐山站','江西省九江市濂溪区'),
('mhz','漠河站','黑龙江省漠河市'),
('ncx','南昌西','江西省南昌市'),
('ptz','平潭站','福建省平潭县'),
('qfxz','曲阜西站','山东省曲阜市'),
('rjz','瑞金站','江西省瑞金市'),
('shdz','上海东站','上海市上海市'),
('shhqz','上海虹桥站','上海市上海市'),
('shx','上海西','上海市上海市'),
('srz','上饶站','江西省上饶市'),
('szb','深圳北','广东省深圳市'),
('szbz','深圳北站','广东省深圳市'),
('szxz','苏州西站','江苏省苏州市'),
('szz','深圳站','广东省深圳市'),
('tbb','台北北','台湾省台北市'),
('tbz','台北站','台湾省台北市'),
('tjz','天津站','天津市天津市'),
('tnz','台南站','台湾省台南市'),
('tsz','唐山站','河北省唐山市'),
('whxz','武汉西站','湖北省武汉市'),
('xfb','信丰北','江西省赣州市信丰县'),
('xfd','信丰东','江西省赣州市信丰县'),
('xfx','信丰西','江西省赣州市信丰县'),
('xxz','湘乡站','湖南省湘乡市'),
('xzdz','徐州东站','江苏省徐州市'),
('xzz','新竹站','台湾省新竹市'),
('yxb','永新北','江西省吉安市永新县'),
('yxd','永新东','江西省吉安市永新县'),
('yxx','永新西','江西省吉安市永新县'),
('zzz','郑州站','河南省郑州市');

/*Table structure for table `seattype` */

DROP TABLE IF EXISTS `seattype`;

CREATE TABLE `seattype` (
  `seat_id` int(20) NOT NULL AUTO_INCREMENT,
  `seat_type` varchar(20) CHARACTER SET utf8 NOT NULL,
  `seat_cap` int(11) NOT NULL,
  `unit_price_km` float NOT NULL,
  PRIMARY KEY (`seat_id`)
) ENGINE=InnoDB AUTO_INCREMENT=8 DEFAULT CHARSET=utf8mb4;

/*Data for the table `seattype` */

insert  into `seattype`(`seat_id`,`seat_type`,`seat_cap`,`unit_price_km`) values 
(1,'商务座',40,1),
(2,'一等座',40,0.5),
(3,'二等座',40,0.45),
(4,'软卧',80,0.3),
(5,'硬卧',80,0.25),
(6,'硬座',120,0.2),
(7,'无座',80,0.15);

/*Table structure for table `train_aboveseat` */

DROP TABLE IF EXISTS `train_aboveseat`;

CREATE TABLE `train_aboveseat` (
  `train_type` enum('高铁','动车','特快','直达','普快','临时') DEFAULT NULL,
  `seat_type` enum('特等座','商务座','一等座','二等座','软卧','硬卧','硬座','站票') DEFAULT NULL,
  `train_code` enum('G','D','Z','K','T','L') DEFAULT NULL
) ENGINE=InnoDB DEFAULT CHARSET=utf8mb4;

/*Data for the table `train_aboveseat` */

insert  into `train_aboveseat`(`train_type`,`seat_type`,`train_code`) values 
('高铁','一等座','G'),
('动车','二等座','D'),
('普快','软卧','K'),
('特快','软卧','T'),
('直达','硬座','Z'),
('临时','硬座','L');

/*Table structure for table `train_list` */

DROP TABLE IF EXISTS `train_list`;

CREATE TABLE `train_list` (
  `train_id` int(20) NOT NULL AUTO_INCREMENT,
  `train_name` varchar(20) CHARACTER SET utf8 NOT NULL,
  `start_point` varchar(50) CHARACTER SET utf8 NOT NULL,
  `terminal` varchar(50) CHARACTER SET utf8 NOT NULL,
  `start_time` varchar(50) NOT NULL,
  `vore_time` varchar(50) NOT NULL,
  `distance` float NOT NULL,
  `is_run` tinyint(1) NOT NULL DEFAULT '1',
  PRIMARY KEY (`train_id`)
) ENGINE=InnoDB AUTO_INCREMENT=46 DEFAULT CHARSET=utf8mb4;

/*Data for the table `train_list` */

insert  into `train_list`(`train_id`,`train_name`,`start_point`,`terminal`,`start_time`,`vore_time`,`distance`,`is_run`) values 
(2,'D6953','csz','lsz','2021-07-02T01:30','2021-07-02T19:48',850,1),
(3,'K9985','csz','jjz','2021-07-02T07:55','2021-07-02T18:07',650,1),
(4,'D123','csz','lsz','2021-07-02T08:34','2021-07-02T21:45',700,1),
(5,'D6953','gqcz','jjz','2021-07-03T19:07','2021-07-04T23:36',2470,1),
(6,'G6696','jadz','ncx','2021-07-10T06:20','2021-07-12T02:04',700,1),
(7,'G6696','yxx','gqcz','2021-07-03T01:20','2021-07-03T07:38',550,1),
(8,'G9963','csz','csz','2021-07-10T01:36','2021-07-10T18:52',1700,1),
(9,'G9568','bjdx','tbz','2021-07-07T08:00','2021-07-07T23:18',1750,1),
(10,'G6952','bjdx','gqcdz','2021-07-07T14:17','2021-07-07T22:25',500,1),
(11,'D4515','jjz','xfd','2021-07-07T13:13','2021-07-07T19:24',1120,1),
(12,'G6660','gxz','bjxz','2021-07-07T13:27','2021-07-07T23:38',1700,1),
(13,'D4515','bjxz','hfx','2021-07-08T17:14','2021-07-09T23:20',600,1),
(14,'Z5578','bjdx','hfx','2021-07-07T02:36','2021-07-07T12:42',1500,1),
(15,'T5579','jax','jjz','2021-07-07T02:42','2021-07-07T10:50',1000,1),
(16,'D558','bjdx','xfb','2021-07-07T01:43','2021-07-07T13:54',2100,1),
(17,'G9964','glx','gqcz','2021-07-07T22:48','2021-07-08T07:55',1400,1),
(18,'G5555','bjxz','gqcdz','2021-07-07T18:10','2021-07-07T22:50',2843,1),
(19,'G9962','gxz','jgsz','2021-07-07T16:10','2021-07-07T22:51',1300,1),
(20,'L2346','jax','jjz','2021-07-06T09:36','2021-07-06T15:42',970,1),
(21,'G5555','jax','bjxz','2021-07-06T10:39','2021-07-06T20:50',1464,1),
(22,'G1111','szbz','jjz','2021-07-06T11:43','2021-07-06T16:18',1113,1),
(23,'G9963','xzz','jjz','2021-07-07T09:43','2021-07-07T19:59',1430,1),
(24,'Z5652','bjxz','glx','2021-07-07T04:47','2021-07-07T23:57',2430,1),
(25,'D6953','bjdx','jjz','2021-07-06T09:52','2021-07-06T21:39',1402,1),
(26,'D123','csx','srz','2021-07-06T03:55','2021-07-06T12:09',1593,1),
(27,'T5632','bjxz','jjz','2021-07-07T13:00','2021-07-07T23:45',1876,1),
(28,'G1124','fzd','jjz','2021-07-07T10:02','2021-07-07T17:05',945,1),
(29,'T5579','jadz','tbb','2021-07-06T10:05','2021-07-06T18:45',1360,1),
(30,'D4515','cqxz','jjz','2021-07-06T11:01','2021-07-06T21:12',1865,1),
(31,'K9985','jgsz','shhqz','2021-07-06T11:12','2021-07-06T21:08',1147,1),
(32,'G6696','yxb','shdz','2021-07-06T11:15','2021-07-06T20:40',1460,1),
(33,'D659','xfx','bjxz','2021-07-06T11:17','2021-07-06T21:55',1975,1),
(34,'D6953','cqxz','bjxz','2021-07-07T11:22','2021-07-07T23:05',1775,1),
(35,'D123','shhqz','jgsz','2021-07-07T11:25','2021-07-07T20:45',1125,1),
(36,'D659','shhqz','bjxz','2021-07-07T05:25','2021-07-07T22:45',2055,1),
(37,'G12307','ncx','bjdx','2021-07-07T08:20','2021-07-07T23:36',1915,1),
(38,'G103','bjxz','shdz','2021-07-07T05:25','2021-07-07T16:03',1200,1),
(39,'G1','bjdx','shhqz','2021-07-07T07:55','2021-07-07T16:00',950,1),
(40,'G105','bjxz','shx','2021-07-07T09:00','2021-07-07T21:40',1635,1),
(41,'G105','bjdx','shhqz','2021-07-08T04:05','2021-07-08T23:45',3205,1),
(42,'G1','bjdx','shhqz','2021-07-08T16:15','2021-07-08T23:55',1800,1),
(43,'G103','bjdx','shhqz','2021-07-08T02:25','2021-07-08T17:55',2930,1),
(44,'G103','bjdx','shhqz','2021-07-05T22:25','2021-07-05T23:55',1000,1),
(45,'T5632','hhz','tnz','2021-07-08T01:19','2021-07-08T23:08',2715,1);

/*Table structure for table `turned_trains` */

DROP TABLE IF EXISTS `turned_trains`;

CREATE TABLE `turned_trains` (
  `trains_id` int(11) NOT NULL AUTO_INCREMENT,
  `train_id` int(11) NOT NULL,
  `start_station` varchar(50) CHARACTER SET utf8 NOT NULL,
  `end_station` varchar(50) CHARACTER SET utf8 NOT NULL,
  `star_time` varchar(50) NOT NULL,
  `end_time` varchar(50) NOT NULL,
  `distance` float NOT NULL,
  `is_run` tinyint(1) NOT NULL DEFAULT '1',
  PRIMARY KEY (`trains_id`)
) ENGINE=InnoDB AUTO_INCREMENT=313 DEFAULT CHARSET=utf8mb4;

/*Data for the table `turned_trains` */

insert  into `turned_trains`(`trains_id`,`train_id`,`start_station`,`end_station`,`star_time`,`end_time`,`distance`,`is_run`) values 
(4,2,'csz','gqcz','2021-07-02 01:30','2021-07-02 04:33',200,1),
(5,2,'gqcz','jax','2021-07-02 04:33','2021-07-02 11:39',200,1),
(6,2,'jax','yxb','2021-07-02 11:39','2021-07-02 13:41',50,1),
(7,2,'ncx','lsz','2021-07-02 17:45','2021-07-02 19:48',100,1),
(8,2,'yxb','ncx','2021-07-02 13:41','2021-07-02 17:45',300,1),
(9,3,'csz','jax','2021-07-02 07:55','2021-07-02 11:59',200,1),
(10,3,'gqcz','jjz','2021-07-02 16:05','2021-07-02 18:07',100,1),
(11,3,'ncx','gqcz','2021-07-02 15:03','2021-07-02 16:05',100,1),
(12,3,'jax','ncx','2021-07-02 11:59','2021-07-02 15:03',250,1),
(13,4,'jax','lsz','2021-07-02 16:40','2021-07-02 21:45',200,1),
(14,4,'gqcz','jax','2021-07-02 12:38','2021-07-02 16:40',250,1),
(15,4,'csz','gqcz','2021-07-02 08:34','2021-07-02 12:38',250,1),
(16,5,'gqcz','jax','2021-07-03 19:07','2021-07-03 21:10',350,1),
(17,5,'ncx','lsz','2021-07-03 23:12','2021-07-04 01:15',20,1),
(18,5,'jax','ncx','2021-07-03 21:10','2021-07-03 23:12',200,1),
(19,5,'lsz','csz','2021-07-04 01:15','2021-07-04 05:18',200,1),
(20,5,'csz','fzz','2021-07-04 05:18','2021-07-04 11:24',500,1),
(21,5,'fzz','szb','2021-07-04 11:24','2021-07-04 16:29',600,1),
(22,5,'gqcz','jjz','2021-07-04 19:32','2021-07-04 23:36',300,1),
(23,5,'szb','gqcz','2021-07-04 16:29','2021-07-04 19:32',300,1),
(24,6,'jjz','csz','2021-07-12 03:20','2021-07-12 00:01',200,1),
(25,6,'jadz','gqcz','2021-07-10 06:20','2021-07-10 11:20',200,1),
(26,6,'gqcz','jjz','2021-07-10 11:20','2021-07-12 03:20',100,1),
(27,6,'csz','ncx','2021-07-12 00:01','2021-07-12 02:04',200,1),
(28,7,'yxx','jadz','2021-07-03 01:20','2021-07-03 02:21',100,1),
(29,7,'jadz','jax','2021-07-03 02:21','2021-07-03 02:42',50,1),
(30,7,'jax','ncx','2021-07-03 02:42','2021-07-03 06:45',300,1),
(31,7,'ncx','gqcz','2021-07-03 06:45','2021-07-03 07:38',100,1),
(32,8,'gqcz','jjz','2021-07-10 13:47','2021-07-10 14:48',100,1),
(33,8,'csz','fzz','2021-07-10 01:36','2021-07-10 08:42',500,1),
(34,8,'jjz','csz','2021-07-10 14:48','2021-07-10 18:52',500,1),
(35,8,'fzz','gqcz','2021-07-10 08:42','2021-07-10 13:47',600,1),
(36,9,'bjdx','csb','2021-07-07 08:00','2021-07-07 10:05',1000,1),
(37,9,'gqcz','srz','2021-07-07 13:08','2021-07-07 15:10',200,1),
(38,9,'srz','fzz','2021-07-07 15:10','2021-07-07 20:15',200,1),
(39,9,'csb','ncx','2021-07-07 10:05','2021-07-07 12:07',100,1),
(40,9,'ncx','gqcz','2021-07-07 12:07','2021-07-07 13:08',100,1),
(41,9,'fzz','ptz','2021-07-07 20:15','2021-07-07 21:16',50,1),
(42,9,'ptz','tbz','2021-07-07 21:16','2021-07-07 23:18',100,1),
(43,10,'bjdx','csx','2021-07-07 14:17','2021-07-07 15:18',100,1),
(44,10,'jgsz','jax','2021-07-07 19:22','2021-07-07 20:23',100,1),
(45,10,'hfx','jgsz','2021-07-07 17:20','2021-07-07 19:22',100,1),
(46,10,'csx','hfx','2021-07-07 15:18','2021-07-07 17:20',100,1),
(47,10,'jax','gqcdz','2021-07-07 20:23','2021-07-07 22:25',100,1),
(48,11,'jjz','hfx','2021-07-07 13:13','2021-07-07 15:20',300,1),
(49,11,'hfx','rjz','2021-07-07 15:20','2021-07-07 16:21',300,1),
(50,11,'rjz','srz','2021-07-07 16:21','2021-07-07 17:22',100,1),
(51,11,'srz','xfd','2021-07-07 17:22','2021-07-07 19:24',420,1),
(52,12,'ptz','fzz','2021-07-07 16:31','2021-07-07 18:33',100,1),
(53,12,'gxz','xzz','2021-07-07 13:27','2021-07-07 14:29',100,1),
(54,12,'xzz','hlz','2021-07-07 14:29','2021-07-07 15:30',100,1),
(55,12,'hlz','ptz','2021-07-07 15:30','2021-07-07 16:31',100,1),
(56,12,'fzz','srz','2021-07-07 18:33','2021-07-07 20:35',300,1),
(57,12,'srz','jax','2021-07-07 20:35','2021-07-07 21:36',200,1),
(58,12,'jax','hfx','2021-07-07 21:36','2021-07-07 22:37',300,1),
(59,12,'hfx','bjxz','2021-07-07 22:37','2021-07-07 23:38',500,1),
(60,13,'csz','gqcz','2021-07-08 18:15','2021-07-08 20:17',100,1),
(61,13,'jgsz','jjz','2021-07-08 21:18','2021-07-08 22:19',100,1),
(62,13,'gqcz','jgsz','2021-07-08 20:17','2021-07-08 21:18',100,1),
(63,13,'bjxz','hlz','2021-07-08 17:14','2021-07-08 17:14',100,1),
(64,13,'hlz','csz','2021-07-08 17:14','2021-07-08 18:15',100,1),
(65,13,'jjz','hfx','2021-07-08 22:19','2021-07-09 23:20',100,1),
(66,14,'gqcz','jax','2021-07-07 09:39','2021-07-07 10:40',400,1),
(67,14,'csz','gqcz','2021-07-07 08:38','2021-07-07 09:39',300,1),
(68,14,'jax','jjz','2021-07-07 10:40','2021-07-07 11:41',100,1),
(69,14,'bjdx','csz','2021-07-07 02:36','2021-07-07 08:38',500,1),
(70,14,'jjz','hfx','2021-07-07 11:41','2021-07-07 12:42',200,1),
(71,15,'yxx','csd','2021-07-07 03:43','2021-07-07 05:44',300,1),
(72,15,'jax','yxx','2021-07-07 02:42','2021-07-07 03:43',100,1),
(73,15,'csd','ncx','2021-07-07 05:44','2021-07-07 07:47',300,1),
(74,15,'gqcz','jjz','2021-07-07 08:48','2021-07-07 10:50',100,1),
(75,15,'ncx','gqcz','2021-07-07 07:47','2021-07-07 08:48',200,1),
(76,16,'bjdx','csz','2021-07-07 01:43','2021-07-07 04:46',800,1),
(77,16,'csz','jjz','2021-07-07 04:46','2021-07-07 06:47',200,1),
(78,16,'gqcdz','jadz','2021-07-07 07:48','2021-07-07 09:50',300,1),
(79,16,'jjz','gqcdz','2021-07-07 06:47','2021-07-07 07:48',100,1),
(80,16,'jadz','jgsz','2021-07-07 09:50','2021-07-07 10:51',200,1),
(81,16,'jgsz','yxx','2021-07-07 10:51','2021-07-07 11:52',200,1),
(82,16,'yxx','xfb','2021-07-07 11:52','2021-07-07 13:54',300,1),
(83,17,'glx','xfb','2021-07-07 22:48','2021-07-07 23:49',500,1),
(84,17,'xfb','yxd','2021-07-07 23:49','2021-07-08 01:51',300,1),
(85,17,'ncx','gqcz','2021-07-08 05:53','2021-07-08 07:55',200,1),
(86,17,'jadz','ncx','2021-07-08 02:51','2021-07-08 05:53',300,1),
(87,17,'yxd','jadz','2021-07-08 01:51','2021-07-08 02:51',100,1),
(88,18,'csz','glx','2021-07-07 02:54','2021-07-07 07:58',620,1),
(89,18,'bjxz','csz','2021-07-07 22:50','2021-07-07 02:54',650,1),
(90,18,'glx','fzz','2021-07-07 07:58','2021-07-07 13:04',623,1),
(91,18,'fzz','srz','2021-07-07 13:04','2021-07-07 15:07',600,1),
(92,18,'jjz','gqcdz','2021-07-07 17:09','2021-07-07 18:10',50,1),
(93,18,'srz','jjz','2021-07-07 15:07','2021-07-07 17:09',300,1),
(94,19,'gxz','ptz','2021-07-07 22:51','2021-07-07 02:56',300,1),
(95,19,'ptz','fzd','2021-07-07 02:56','2021-07-07 03:57',50,1),
(96,19,'fzd','hfx','2021-07-07 03:57','2021-07-07 07:00',300,1),
(97,19,'hfx','jjz','2021-07-07 07:00','2021-07-07 10:03',150,1),
(98,19,'gqcz','jax','2021-07-07 11:05','2021-07-07 14:08',300,1),
(99,19,'jjz','gqcz','2021-07-07 10:03','2021-07-07 11:05',100,1),
(100,19,'jax','jgsz','2021-07-07 14:08','2021-07-07 16:10',100,1),
(101,20,'csz','ncx','2021-07-06 11:38','2021-07-06 12:39',120,1),
(102,20,'yxb','csz','2021-07-06 10:37','2021-07-06 11:38',200,1),
(103,20,'jax','yxb','2021-07-06 09:36','2021-07-06 10:37',200,1),
(104,20,'srz','jjz','2021-07-06 14:41','2021-07-06 15:42',150,1),
(105,20,'gqcz','srz','2021-07-06 13:40','2021-07-06 14:41',100,1),
(106,20,'ncx','gqcz','2021-07-06 12:39','2021-07-06 13:40',200,1),
(107,21,'jax','csz','2021-07-06 10:39','2021-07-06 11:41',300,1),
(108,21,'csz','ncx','2021-07-06 11:41','2021-07-06 12:42',300,1),
(109,21,'ncx','gqcz','2021-07-06 12:42','2021-07-06 13:43',120,1),
(110,21,'gqcz','jjz','2021-07-06 13:43','2021-07-06 14:44',120,1),
(111,21,'jjz','hfx','2021-07-06 14:44','2021-07-06 16:47',260,1),
(112,21,'hfx','bjxz','2021-07-06 16:47','2021-07-06 20:50',364,1),
(113,22,'szbz','xfb','2021-07-06 11:43','2021-07-06 12:44',230,1),
(114,22,'xfb','yxd','2021-07-06 12:44','2021-07-06 13:46',300,1),
(115,22,'yxd','jax','2021-07-06 13:46','2021-07-06 14:47',123,1),
(116,22,'jax','ncx','2021-07-06 14:47','2021-07-06 15:48',320,1),
(117,22,'ncx','gqcz','2021-07-06 15:48','2021-07-06 15:18',80,1),
(118,22,'gqcz','jjz','2021-07-06 15:18','2021-07-06 16:18',60,1),
(119,23,'gxz','tbb','2021-07-07 10:44','2021-07-07 11:45',90,1),
(120,23,'xzz','gxz','2021-07-07 09:43','2021-07-07 10:44',90,1),
(121,23,'tbb','ptz','2021-07-07 11:45','2021-07-07 12:25',90,1),
(122,23,'ptz','fzd','2021-07-07 12:25','2021-07-07 13:10',60,1),
(123,23,'fzd','szb','2021-07-07 13:10','2021-07-07 14:12',320,1),
(124,23,'szb','jax','2021-07-07 14:12','2021-07-07 15:19',320,1),
(125,23,'jax','ncx','2021-07-07 15:19','2021-07-07 18:20',300,1),
(126,23,'ncx','gqcz','2021-07-07 18:20','2021-07-07 19:04',80,1),
(127,23,'gqcz','jjz','2021-07-07 19:04','2021-07-07 19:59',80,1),
(128,24,'bjxz','csz','2021-07-07 04:47','2021-07-07 09:48',500,1),
(129,24,'csz','hfx','2021-07-07 09:48','2021-07-07 10:49',120,1),
(130,24,'hfx','jjz','2021-07-07 10:49','2021-07-07 11:50',230,1),
(131,24,'jjz','gqcz','2021-07-07 11:50','2021-07-07 12:51',80,1),
(132,24,'gqcz','ncx','2021-07-07 12:51','2021-07-07 14:51',80,1),
(133,24,'ncx','srz','2021-07-07 14:51','2021-07-07 15:52',200,1),
(134,24,'srz','jax','2021-07-07 15:52','2021-07-07 16:52',100,1),
(135,24,'yxb','xfb','2021-07-07 17:53','2021-07-07 18:54',100,1),
(136,24,'jax','yxb','2021-07-07 16:52','2021-07-07 17:53',350,1),
(137,24,'szb','glx','2021-07-07 20:55','2021-07-07 23:57',350,1),
(138,24,'xfb','szb','2021-07-07 18:54','2021-07-07 20:55',320,1),
(139,25,'bjdx','csz','2021-07-06 09:52','2021-07-06 14:58',482,1),
(140,25,'csz','glx','2021-07-06 14:58','2021-07-06 16:00',360,1),
(141,25,'xfd','yxd','2021-07-06 17:02','2021-07-06 18:04',100,1),
(142,25,'glx','xfd','2021-07-06 16:00','2021-07-06 17:02',100,1),
(143,25,'yxd','jax','2021-07-06 18:04','2021-07-06 19:05',100,1),
(144,25,'jax','ncx','2021-07-06 19:05','2021-07-06 20:06',100,1),
(145,25,'ncx','gqcz','2021-07-06 20:06','2021-07-06 20:54',80,1),
(146,25,'gqcz','jjz','2021-07-06 20:54','2021-07-06 21:39',80,1),
(147,26,'csx','ncx','2021-07-06 03:55','2021-07-06 04:59',100,1),
(148,26,'ncx','jax','2021-07-06 04:59','2021-07-06 06:59',280,1),
(149,26,'jax','gqcz','2021-07-06 06:59','2021-07-06 08:03',400,1),
(150,26,'jjz','hfx','2021-07-06 10:04','2021-07-06 11:07',320,1),
(151,26,'gqcz','jjz','2021-07-06 08:03','2021-07-06 10:04',200,1),
(152,26,'hfx','srz','2021-07-06 11:07','2021-07-06 12:09',293,1),
(153,27,'bjxz','csx','2021-07-07 13:00','2021-07-07 15:00',630,1),
(154,27,'csx','glx','2021-07-07 15:00','2021-07-07 17:02',300,1),
(155,27,'glx','szb','2021-07-07 17:02','2021-07-07 19:03',320,1),
(156,27,'szb','yxb','2021-07-07 19:03','2021-07-07 20:06',100,1),
(157,27,'yxb','jax','2021-07-07 20:06','2021-07-07 20:44',100,1),
(158,27,'jax','ncx','2021-07-07 20:44','2021-07-07 22:45',260,1),
(159,27,'ncx','gqcz','2021-07-07 22:45','2021-07-07 23:02',80,1),
(160,27,'gqcz','jjz','2021-07-07 23:02','2021-07-07 23:45',86,1),
(161,28,'fzd','srz','2021-07-07 10:02','2021-07-07 12:04',260,1),
(162,28,'fzxz','jax','2021-07-07 13:12','2021-07-07 14:25',200,1),
(163,28,'srz','fzxz','2021-07-07 12:04','2021-07-07 13:12',120,1),
(164,28,'jax','ncx','2021-07-07 14:25','2021-07-07 15:55',200,1),
(165,28,'ncx','gqcz','2021-07-07 15:55','2021-07-07 16:28',80,1),
(166,28,'gqcz','jjz','2021-07-07 16:28','2021-07-07 17:05',85,1),
(167,29,'jadz','gqcz','2021-07-06 10:05','2021-07-06 12:06',350,1),
(168,29,'gqcz','jjz','2021-07-06 12:06','2021-07-06 12:55',80,1),
(169,29,'jjz','srz','2021-07-06 12:55','2021-07-06 13:55',120,1),
(170,29,'fzz','ptz','2021-07-06 15:05','2021-07-06 15:45',120,1),
(171,29,'srz','fzz','2021-07-06 13:55','2021-07-06 15:05',480,1),
(172,29,'ptz','tbb','2021-07-06 15:45','2021-07-06 18:45',210,1),
(173,30,'cqxz','csz','2021-07-06 11:01','2021-07-06 13:04',300,1),
(174,30,'szb','yxx','2021-07-06 14:07','2021-07-06 16:08',350,1),
(175,30,'csz','szb','2021-07-06 13:04','2021-07-06 14:07',500,1),
(176,30,'yxx','jax','2021-07-06 16:08','2021-07-06 18:09',250,1),
(177,30,'ncx','gqcz','2021-07-06 20:09','2021-07-06 20:09',85,1),
(178,30,'jax','ncx','2021-07-06 18:09','2021-07-06 20:09',300,1),
(179,30,'gqcz','jjz','2021-07-06 20:09','2021-07-06 21:12',80,1),
(180,31,'jgsz','yxx','2021-07-06 11:12','2021-07-06 12:13',80,1),
(181,31,'yxx','jax','2021-07-06 12:13','2021-07-06 13:14',100,1),
(182,31,'jax','ncx','2021-07-06 13:14','2021-07-06 15:25',300,1),
(183,31,'gqcz','jjz','2021-07-06 16:13','2021-07-06 16:54',85,1),
(184,31,'jjz','srz','2021-07-06 16:54','2021-07-06 17:45',150,1),
(185,31,'ncx','gqcz','2021-07-06 15:25','2021-07-06 16:13',80,1),
(186,31,'srz','shhqz','2021-07-06 17:45','2021-07-06 21:08',352,1),
(187,32,'yxb','jgsz','2021-07-06 11:15','2021-07-06 11:54',80,1),
(188,32,'jadz','fzxz','2021-07-06 12:46','2021-07-06 13:46',160,1),
(189,32,'jgsz','jadz','2021-07-06 11:54','2021-07-06 12:46',120,1),
(190,32,'ncx','gqcdz','2021-07-06 14:40','2021-07-06 15:17',85,1),
(191,32,'gqcdz','jjz','2021-07-06 15:17','2021-07-06 15:55',85,1),
(192,32,'fzxz','ncx','2021-07-06 13:46','2021-07-06 14:40',160,1),
(193,32,'jjz','hfx','2021-07-06 15:55','2021-07-06 17:40',250,1),
(194,32,'hfx','shdz','2021-07-06 17:40','2021-07-06 20:40',520,1),
(195,33,'xfx','yxb','2021-07-06 11:17','2021-07-06 12:48',180,1),
(196,33,'jadz','ncx','2021-07-06 13:40','2021-07-06 14:55',300,1),
(197,33,'yxb','jadz','2021-07-06 12:48','2021-07-06 13:40',100,1),
(198,33,'ncx','gqcz','2021-07-06 14:55','2021-07-06 13:35',80,1),
(199,33,'gqcz','jjz','2021-07-06 13:35','2021-07-06 14:05',85,1),
(200,33,'jjz','hfz','2021-07-06 14:05','2021-07-06 16:25',250,1),
(201,33,'hfz','csd','2021-07-06 16:25','2021-07-06 18:56',300,1),
(202,33,'csd','bjxz','2021-07-06 18:56','2021-07-06 21:55',680,1),
(203,34,'cqxz','csz','2021-07-07 11:22','2021-07-07 12:56',300,1),
(204,34,'yxx','jax','2021-07-07 13:55','2021-07-07 14:28',85,1),
(205,34,'jax','ncx','2021-07-07 14:28','2021-07-07 15:55',250,1),
(206,34,'ncx','gqcz','2021-07-07 15:55','2021-07-07 16:35',85,1),
(207,34,'gqcz','jjz','2021-07-07 16:35','2021-07-07 17:05',85,1),
(208,34,'csz','yxx','2021-07-07 12:56','2021-07-07 13:55',200,1),
(209,34,'jjz','hfd','2021-07-07 17:05','2021-07-07 19:05',250,1),
(210,34,'hfd','bjxz','2021-07-07 19:05','2021-07-07 23:05',520,1),
(211,35,'shhqz','shx','2021-07-07 11:25','2021-07-07 12:05',50,1),
(212,35,'shx','srz','2021-07-07 12:05','2021-07-07 15:55',320,1),
(213,35,'gqcz','ncx','2021-07-07 16:45','2021-07-07 17:28',85,1),
(214,35,'srz','gqcz','2021-07-07 15:55','2021-07-07 16:45',200,1),
(215,35,'jax','yxx','2021-07-07 19:12','2021-07-07 19:55',85,1),
(216,35,'ncx','jax','2021-07-07 17:28','2021-07-07 19:12',300,1),
(217,35,'yxx','jgsz','2021-07-07 19:55','2021-07-07 20:45',85,1),
(218,36,'shhqz','szb','2021-07-07 05:25','2021-07-07 08:55',500,1),
(219,36,'xfx','yxx','2021-07-07 10:25','2021-07-07 12:25',150,1),
(220,36,'yxx','jax','2021-07-07 12:25','2021-07-07 12:55',85,1),
(221,36,'szb','xfx','2021-07-07 08:55','2021-07-07 10:25',200,1),
(222,36,'jax','ncx','2021-07-07 12:55','2021-07-07 14:55',300,1),
(223,36,'ncx','gqcz','2021-07-07 14:55','2021-07-07 15:42',85,1),
(224,36,'gqcz','jjz','2021-07-07 15:42','2021-07-07 16:25',85,1),
(225,36,'jjz','hfx','2021-07-07 16:25','2021-07-07 17:45',150,1),
(226,36,'hfx','bjxz','2021-07-07 17:45','2021-07-07 22:45',500,1),
(227,37,'jax','yxb','2021-07-07 11:19','2021-07-07 12:20',80,1),
(228,37,'jjz','gqcz','2021-07-07 15:24','2021-07-07 16:26',85,1),
(229,37,'gqcz','srz','2021-07-07 16:26','2021-07-07 18:27',200,1),
(230,37,'csb','jjz','2021-07-07 14:22','2021-07-07 15:24',250,1),
(231,37,'yxb','csb','2021-07-07 12:20','2021-07-07 14:22',200,1),
(232,37,'ncx','jax','2021-07-07 08:20','2021-07-07 11:19',300,1),
(233,37,'srz','shhqz','2021-07-07 18:27','2021-07-07 21:30',350,1),
(234,37,'shhqz','bjdx','2021-07-07 21:30','2021-07-07 23:36',450,1),
(235,38,'bjxz','xzdz','2021-07-07 05:25','2021-07-07 08:50',200,1),
(236,38,'xzdz','tsz','2021-07-07 08:50','2021-07-07 09:55',150,1),
(237,38,'tsz','hfx','2021-07-07 09:55','2021-07-07 11:56',250,1),
(238,38,'srz','shdz','2021-07-07 14:59','2021-07-07 16:03',250,1),
(239,38,'hfx','jadz','2021-07-07 11:56','2021-07-07 13:57',200,1),
(240,38,'jadz','srz','2021-07-07 13:57','2021-07-07 14:59',150,1),
(241,39,'bjdx','kfz','2021-07-07 07:55','2021-07-07 09:55',250,1),
(242,39,'zzz','tsz','2021-07-07 10:57','2021-07-07 12:58',250,1),
(243,39,'kfz','zzz','2021-07-07 09:55','2021-07-07 10:57',100,1),
(244,39,'tsz','shhqz','2021-07-07 12:58','2021-07-07 16:00',350,1),
(245,40,'bjxz','qfxz','2021-07-07 09:00','2021-07-07 10:50',150,1),
(246,40,'qfxz','kfz','2021-07-07 10:50','2021-07-07 11:55',150,1),
(247,40,'kfz','zzz','2021-07-07 11:55','2021-07-07 12:55',150,1),
(248,40,'zzz','cqxz','2021-07-07 12:55','2021-07-07 14:56',100,1),
(249,40,'cqxz','whxz','2021-07-07 14:56','2021-07-07 15:58',200,1),
(250,40,'whxz','csb','2021-07-07 15:58','2021-07-07 16:45',100,1),
(251,40,'csb','ncx','2021-07-07 16:45','2021-07-07 17:25',200,1),
(252,40,'gqcz','srz','2021-07-07 18:10','2021-07-07 19:40',200,1),
(253,40,'ncx','gqcz','2021-07-07 17:25','2021-07-07 18:10',85,1),
(254,40,'srz','shx','2021-07-07 19:40','2021-07-07 21:40',300,1),
(255,41,'bjdx','tsz','2021-07-08 04:05','2021-07-08 06:05',100,1),
(256,41,'tsz','kfz','2021-07-08 06:05','2021-07-08 08:15',150,1),
(257,41,'kfz','xzdz','2021-07-08 08:15','2021-07-08 09:45',205,1),
(258,41,'xzdz','qfxz','2021-07-08 09:45','2021-07-08 10:13',120,1),
(259,41,'qfxz','zzz','2021-07-08 10:13','2021-07-08 11:25',200,1),
(260,41,'zzz','whxz','2021-07-08 11:25','2021-07-08 13:25',300,1),
(261,41,'whxz','csz','2021-07-08 13:25','2021-07-08 14:25',100,1),
(262,41,'csz','ncx','2021-07-08 14:25','2021-07-08 15:05',200,1),
(263,41,'gqcz','jjz','2021-07-08 15:45','2021-07-08 16:15',85,1),
(264,41,'ncx','gqcz','2021-07-08 15:05','2021-07-08 15:45',85,1),
(265,41,'jjz','srz','2021-07-08 16:15','2021-07-08 17:05',120,1),
(266,41,'srz','fzxz','2021-07-08 17:05','2021-07-08 17:55',180,1),
(267,41,'fzxz','jax','2021-07-08 17:55','2021-07-08 18:45',250,1),
(268,41,'yxb','glx','2021-07-08 19:05','2021-07-08 20:45',250,1),
(269,41,'jax','yxb','2021-07-08 18:45','2021-07-08 19:05',60,1),
(270,41,'szb','fzz','2021-07-08 22:15','2021-07-08 22:55',200,1),
(271,41,'dgdz','szb','2021-07-08 21:35','2021-07-08 22:15',150,1),
(272,41,'glx','dgdz','2021-07-08 20:45','2021-07-08 21:35',200,1),
(273,41,'fzz','shhqz','2021-07-08 22:55','2021-07-08 23:45',250,1),
(274,42,'hfd','ncx','2021-07-08 17:17','2021-07-08 18:18',100,1),
(275,42,'bjdx','hfd','2021-07-08 16:15','2021-07-08 17:17',500,1),
(276,42,'ncx','jax','2021-07-08 18:18','2021-07-08 19:55',200,1),
(277,42,'jax','yxb','2021-07-08 19:55','2021-07-08 20:25',80,1),
(278,42,'yxb','csz','2021-07-08 20:25','2021-07-08 21:25',200,1),
(279,42,'csz','gqcz','2021-07-08 21:25','2021-07-08 22:15',250,1),
(280,42,'srz','hzz','2021-07-08 22:58','2021-07-08 23:25',100,1),
(281,42,'hzz','shhqz','2021-07-08 23:25','2021-07-08 23:55',120,1),
(282,42,'gqcz','srz','2021-07-08 22:15','2021-07-08 22:58',250,1),
(283,43,'bjdx','tsz','2021-07-08 02:25','2021-07-08 03:05',100,1),
(284,43,'tsz','qfxz','2021-07-08 03:05','2021-07-08 03:45',100,1),
(285,43,'qfxz','zzz','2021-07-08 03:45','2021-07-08 04:35',250,1),
(286,43,'zzz','cqxz','2021-07-08 04:35','2021-07-08 05:55',350,1),
(287,43,'cddz','csx','2021-07-08 06:58','2021-07-08 07:55',250,1),
(288,43,'cqxz','cddz','2021-07-08 05:55','2021-07-08 06:58',100,1),
(289,43,'csx','whxz','2021-07-08 07:55','2021-07-08 08:25',100,1),
(290,43,'jax','fzxz','2021-07-08 11:15','2021-07-08 11:58',180,1),
(291,43,'ncx','yxb','2021-07-08 08:58','2021-07-08 09:55',200,1),
(292,43,'whxz','ncx','2021-07-08 08:25','2021-07-08 08:58',120,1),
(293,43,'jgsz','jax','2021-07-08 10:25','2021-07-08 11:15',100,1),
(294,43,'yxb','jgsz','2021-07-08 09:55','2021-07-08 10:25',50,1),
(295,43,'fzxz','gqcz','2021-07-08 11:58','2021-07-08 13:55',150,1),
(296,43,'hfd','hzz','2021-07-08 15:25','2021-07-08 16:45',300,1),
(297,43,'jjz','hfd','2021-07-08 14:35','2021-07-08 15:25',250,1),
(298,43,'gqcz','jjz','2021-07-08 13:55','2021-07-08 14:35',80,1),
(299,43,'hzz','shhqz','2021-07-08 16:45','2021-07-08 17:55',250,1),
(300,45,'hhz','bjxz','2021-07-08 01:19','2021-07-08 02:46',300,1),
(301,45,'bjxz','zzz','2021-07-08 02:46','2021-07-08 04:50',300,1),
(302,45,'zzz','xxz','2021-07-08 04:50','2021-07-08 06:55',150,1),
(303,45,'shx','hzz','2021-07-08 08:56','2021-07-08 10:00',200,1),
(304,45,'hzz','srz','2021-07-08 10:00','2021-07-08 12:02',300,1),
(305,45,'xxz','shx','2021-07-08 06:55','2021-07-08 08:56',300,1),
(306,45,'srz','gqcz','2021-07-08 12:02','2021-07-08 14:05',200,1),
(307,45,'gqcz','ncx','2021-07-08 14:05','2021-07-08 14:55',85,1),
(308,45,'ncx','jax','2021-07-08 14:55','2021-07-08 16:57',300,1),
(309,45,'jax','fzd','2021-07-08 16:57','2021-07-08 18:00',300,1),
(310,45,'tbb','tnz','2021-07-08 22:07','2021-07-08 23:08',100,1),
(311,45,'ptz','tbb','2021-07-08 20:03','2021-07-08 22:07',100,1),
(312,45,'fzd','ptz','2021-07-08 18:00','2021-07-08 20:03',80,1);

/*Table structure for table `yake_client` */

DROP TABLE IF EXISTS `yake_client`;

CREATE TABLE `yake_client` (
  `client_id` bigint(20) NOT NULL AUTO_INCREMENT,
  `client_phone` bigint(20) DEFAULT NULL,
  `client_email` varchar(30) DEFAULT NULL,
  `client_name` varchar(30) DEFAULT NULL,
  `client_ic` varchar(30) DEFAULT NULL,
  `client_type` enum('退伍军人','VIP','学生','儿童','优待对象','成人') DEFAULT NULL,
  `signature` varchar(1024) DEFAULT NULL,
  `avatar` varchar(512) DEFAULT 'http://localhost:8080/raliway12307/img/clientImg/userHeaders/client_user_default.png',
  PRIMARY KEY (`client_id`)
) ENGINE=InnoDB AUTO_INCREMENT=1000000000 DEFAULT CHARSET=utf8mb4;

/*Data for the table `yake_client` */

insert  into `yake_client`(`client_id`,`client_phone`,`client_email`,`client_name`,`client_ic`,`client_type`,`signature`,`avatar`) values 
(188207201,15770674965,'2749965214@qq.com','法外张三','362130199901284521','成人','我叫张三！','http://localhost:8080/raliway12307/img/clientImg/userHeaders/client_user_default.png'),
(188207236,19970263598,'255635147@qq.com','迷茫','365233625966322532','优待对象','迷茫','http://localhost:8080/raliway12307/img/clientImg/userHeaders/client_user_default.png'),
(188207243,15796586620,'256558952@qq.com','无名','362530200204162578','儿童','这个人什么也没有写...','http://localhost:8080/raliway12307/img/clientImg/userHeaders/client_user_default.png'),
(188207244,15770674965,'2749984520@qq.com','李四','362430199907256523','学生','这个人什么也没有写...','http://localhost:8080/raliway12307/img/clientImg/userHeaders/client_user_default.png'),
(188207245,15770674965,'2749984520@qq.com','四原色','152365211546985214','学生','什么也没写',' http://localhost:8080/raliway12307/img/clientImg/userHeaders/client_user_188207245.png'),
(188207246,15770674965,'2749984520@qq.com','四原色','36203019490815481X','学生','热爱生活！','http://localhost:8080/raliway12307/img/clientImg/userHeaders/client_user_default.png'),
(999999999,999999999,'999999999','999999999','999999999','成人','999999999','http://localhost:8080/raliway12307/img/clientImg/userHeaders/client_user_default.png');

/*!40101 SET SQL_MODE=@OLD_SQL_MODE */;
/*!40014 SET FOREIGN_KEY_CHECKS=@OLD_FOREIGN_KEY_CHECKS */;
/*!40014 SET UNIQUE_CHECKS=@OLD_UNIQUE_CHECKS */;
/*!40111 SET SQL_NOTES=@OLD_SQL_NOTES */;
